{"cameraMode":{"drawMode":0,"name":"Shaded","section":"Shading Mode"},"sceneLighting":true,"audioPlay":false,"sceneViewState":{"showFog":true,"showMaterialUpdate":false,"showSkybox":true,"showFlares":true,"showImageEffects":true,"showParticleSystems":true},"in2DMode":false,"pivot":{"x":-3.0228118896484377,"y":1.9923714399337769,"z":0.3337896466255188},"rotation":{"x":-0.16372881829738618,"y":-0.0989665761590004,"z":0.016517365351319314,"w":-0.9814023375511169},"size":16.22889518737793,"orthographic":false}