{"cameraMode":{"drawMode":0,"name":"Shaded","section":"Shading Mode"},"sceneLighting":true,"audioPlay":false,"sceneViewState":{"showFog":true,"showMaterialUpdate":false,"showSkybox":true,"showFlares":true,"showImageEffects":true,"showParticleSystems":true},"in2DMode":false,"pivot":{"x":5.185534954071045,"y":-0.7565716505050659,"z":6.111855506896973},"rotation":{"x":-0.07828304916620255,"y":-0.18875621259212495,"z":0.015104237012565136,"w":-0.9788024425506592},"size":28.57636070251465,"orthographic":false}