{"cameraMode":{"drawMode":0,"name":"Shaded","section":"Shading Mode"},"sceneLighting":true,"audioPlay":false,"sceneViewState":{"showFog":true,"showMaterialUpdate":false,"showSkybox":true,"showFlares":true,"showImageEffects":true,"showParticleSystems":true},"in2DMode":false,"pivot":{"x":12.130245208740235,"y":0.5692152976989746,"z":1.076377272605896},"rotation":{"x":-0.05624733865261078,"y":-0.3586426079273224,"z":0.021662605926394464,"w":-0.9315481781959534},"size":29.638282775878908,"orthographic":false}