{"cameraMode":{"drawMode":0,"name":"Shaded","section":"Shading Mode"},"sceneLighting":true,"audioPlay":false,"sceneViewState":{"showFog":true,"showMaterialUpdate":false,"showSkybox":true,"showFlares":true,"showImageEffects":true,"showParticleSystems":true},"in2DMode":false,"pivot":{"x":3.6202659606933595,"y":-2.1021924018859865,"z":7.612418174743652},"rotation":{"x":-0.24967731535434724,"y":0.10289139300584793,"z":-0.026682892814278604,"w":-0.9624991416931152},"size":26.055063247680665,"orthographic":false}