{"cameraMode":{"drawMode":0,"name":"Shaded","section":"Shading Mode"},"sceneLighting":true,"audioPlay":false,"sceneViewState":{"showFog":true,"showMaterialUpdate":false,"showSkybox":true,"showFlares":true,"showImageEffects":true,"showParticleSystems":true},"in2DMode":false,"pivot":{"x":-1.2212775945663453,"y":1.415217399597168,"z":0.5770119428634644},"rotation":{"x":-0.1164512038230896,"y":-0.09964567422866821,"z":0.011742322705686093,"w":-0.9881255626678467},"size":9.243426322937012,"orthographic":false}